time_of_day,n_texts,mean_valence,sd_valence,mean_arousal,sd_arousal,mean_word_count,mean_vad_coverage
morning,500,0.618264406698003,0.07734610848460183,0.4643878925635171,0.05350048917505748,231.214,0.3248681668961083
afternoon,500,0.6241694877349496,0.06664208387075027,0.4546580734057334,0.04986679247223244,225.316,0.33227254215255697
evening,500,0.6248032378019029,0.06636041630818393,0.4563958444507628,0.05169938335026992,220.63,0.3215301814511188
night,500,0.6189159416492946,0.07021197926569187,0.46320321810632065,0.057744721303662656,221.45,0.3176975914429194
