hour_utc,n_texts,mean_valence,mean_arousal
0,66,0.6122380774466336,0.4622954011985284
1,65,0.6200713054604533,0.4670378627662358
2,63,0.6101232659083347,0.4669684104305866
3,61,0.6185642754126299,0.46002283042393466
4,76,0.6264211571407686,0.45374416396557915
5,115,0.6269669899228061,0.45987671935933344
6,107,0.6120979321765532,0.4634213542348214
7,82,0.6189657523065135,0.4640281165293515
8,74,0.6137844844003717,0.46282957577091455
9,44,0.6172981771637719,0.4612366185797162
10,40,0.6265658051266068,0.469210704210381
11,38,0.6088822428935733,0.4831448711561067
12,71,0.6213394169637424,0.4637147913867543
13,73,0.6207402557519881,0.4557420660091775
14,97,0.6233935361050423,0.44370898641013384
15,130,0.6215000397619389,0.45877207976846635
16,129,0.6309413055962231,0.45314708251204316
17,136,0.6246151439923692,0.4611871883628346
18,120,0.626650244220651,0.45551298668371215
19,125,0.629964245568747,0.45316550106890213
20,119,0.617734448028721,0.45520351741493836
21,61,0.619879095821965,0.46042556605538326
22,53,0.6216616348704826,0.46300466878811775
23,55,0.6219406703612843,0.47531791899513687
