metric,test,statistic,p_value
valence,One-way ANOVA,1.1870250947749974,0.3132164973213151
valence,Kruskal-Wallis,3.055775322815149,0.38310540710516694
arousal,One-way ANOVA,4.143454681849557,0.006145806236845686
arousal,Kruskal-Wallis,11.146955045993074,0.010957204142212807
